,City,Lat,Lng,Max Temp,Humidity,Cloudiness,Wind Speed,Country,Date
0,atuona,-46.19,168.86,66,49,86,5.01,NZ,1603329840
1,busselton,-9.8,-139.03,77.95,71,0,16.26,PF,1603329840
2,alamosa,-33.65,115.33,60.01,66,9,3,AU,1603329641
3,port hawkesbury,37.47,-105.87,57.2,12,1,13.87,US,1603329840
4,sao filipe,45.62,-61.35,54,100,90,9.17,CA,1603329840
5,broken hill,14.9,-24.5,81.16,74,64,4.79,CV,1603329840
6,new norfolk,-31.95,141.43,80.6,18,0,10.29,AU,1603329841
7,mufumbwe,-42.78,147.06,66,49,10,1.99,AU,1603329678
8,amderma,-13.68,24.8,66.87,50,57,2.51,ZM,1603329841
9,palabuhanratu,,,,,,,,
10,kodiak,,,,,,,,
11,lima,57.79,-152.41,46.4,52,1,12.75,US,1603329452
12,provideniya,-12.04,-77.03,62.6,82,60,14.99,PE,1603329584
13,mataura,64.38,-173.3,41,86,90,4.47,RU,1603329497
14,port shepstone,-46.19,168.86,66,49,86,5.01,NZ,1603329642
15,hasaki,-30.74,30.45,64.49,84,85,15.37,ZA,1603329841
16,babina,35.73,140.83,68,77,75,6.93,JP,1603329796
17,illoqqortoormiut,25.25,78.47,71.28,29,0,2.26,IN,1603329842
18,jamestown,,,,,,,,
19,kapaa,42.1,-79.24,54,93,75,5.82,US,1603329842
20,coos bay,22.08,-159.32,82.99,74,75,12.75,US,1603329842
21,hermanus,43.37,-124.22,57,71,1,17.22,US,1603329746
22,rio grande,-34.42,19.23,53.01,95,0,8.23,ZA,1603329842
23,shingu,-32.03,-52.1,62.01,90,100,7,BR,1603329584
24,batemans bay,33.73,135.98,73.4,69,75,11.41,JP,1603329842
25,port alfred,-35.72,150.18,72,69,68,6.46,AU,1603329843
26,rikitea,-33.59,26.89,62.24,82,0,10.69,ZA,1603329843
27,qaqortoq,-23.12,-134.97,74.46,71,100,4.09,PF,1603329787
28,sentyabrskiy,60.72,-46.03,30.2,80,93,2.24,GL,1603329843
29,katsuura,,,,,,,,
30,kaitangata,35.13,140.3,66.2,59,75,6.93,JP,1603329843
31,los llanos de aridane,-46.28,169.85,59.63,49,98,7.11,NZ,1603329843
32,constitucion,28.66,-17.92,68,68,3,6.93,ES,1603329843
33,ilulissat,-35.33,-72.42,49.42,84,0,8.72,CL,1603329843
34,satitoa,69.22,-51.1,28.4,74,100,4.7,GL,1603329743
35,bluff,,,,,,,,
36,hilo,-46.6,168.33,66,49,86,5.01,NZ,1603329844
37,ust-omchug,19.73,-155.09,84.2,58,1,9.17,US,1603329844
38,bambous virieux,61.15,149.63,23.13,81,100,4.12,RU,1603329844
39,dingle,-20.34,57.76,73.4,78,40,10.29,MU,1603329587
40,marsa matruh,11,122.67,84.09,79,82,12.01,PH,1603329702
41,ushuaia,31.35,27.25,73.4,60,5,5.3,EG,1603329844
42,srednekolymsk,-54.8,-68.3,50,57,75,11.41,AR,1603329569
43,hobart,67.45,153.68,18.52,91,70,5.77,RU,1603329845
44,punta arenas,-42.88,147.33,66,62,75,9.17,AU,1603329756
45,khatanga,-53.15,-70.92,48.2,61,90,4.7,CL,1603329545
46,tiksi,71.97,102.5,3.38,90,52,8.48,RU,1603329845
47,hithadhoo,71.69,128.87,11.26,94,100,5.03,RU,1603329845
48,vaini,-0.6,73.08,82.56,74,8,13.31,MV,1603329600
49,barrow,-21.2,-175.2,75.2,78,75,9.17,TO,1603329845
50,touros,71.29,-156.79,33.8,94,90,17.22,US,1603329609
51,tilichiki,-5.2,-35.46,75.2,100,75,4.7,BR,1603329845
52,porto novo,60.47,166.1,39.69,88,100,6.87,RU,1603329764
53,saint-denis,6.5,2.6,77.77,90,5,4.36,BJ,1603329547
54,georgetown,48.92,2.33,60.8,77,96,8.05,FR,1603329846
55,boundiali,5.41,100.34,80.6,74,40,2.24,MY,1603329846
56,carnarvon,9.52,-6.49,72.73,82,34,1.86,CI,1603329846
57,arraial do cabo,-24.87,113.63,69.8,64,40,18.34,AU,1603329673
58,deputatskiy,-22.97,-42.03,72.97,88,19,14.54,BR,1603329846
59,butaritari,69.3,139.9,7.56,96,100,1.88,RU,1603329846
60,waipawa,3.07,172.79,81.91,71,6,9.06,KI,1603329846
61,castro,-41.41,175.52,63,63,0,18.34,NZ,1603329847
62,kontagora,-24.79,-50.01,59.67,94,19,8.55,BR,1603329708
63,yumen,10.4,5.47,74.84,60,0,0.81,NG,1603329847
64,taolanaro,40.28,97.2,40.01,56,0,6.58,CN,1603329847
65,thompson,,,,,,,,
66,acarau,55.74,-97.86,24.8,92,90,3.36,CA,1603329847
67,cabo san lucas,-2.89,-40.12,79.81,81,3,16.58,BR,1603329742
68,belushya guba,22.89,-109.91,84.99,62,5,3.36,MX,1603329847
69,chokurdakh,,,,,,,,
70,lagoa,70.63,147.92,12.58,95,100,4.41,RU,1603329848
71,cape town,39.05,-27.98,62.62,69,98,19.39,PT,1603329689
72,port lincoln,-33.93,18.42,59,87,0,14.99,ZA,1603329764
73,townsville,-34.73,135.87,61.34,77,100,11.52,AU,1603329849
74,bengkulu,-19.25,146.8,82.4,61,40,14.99,AU,1603329849
75,norman wells,-3.8,102.27,77.61,84,100,3.62,ID,1603329849
76,albany,65.28,-126.83,23,85,75,14.99,CA,1603329850
77,somerset,42.6,-73.97,66.99,83,100,2.77,US,1603329608
78,felidhoo,40.57,-74.55,64,93,90,3.15,US,1603329850
79,bredasdorp,,,,,,,,
80,ribeira grande,-34.53,20.04,57.2,87,0,3.36,ZA,1603329851
81,puerto ayora,38.52,-28.7,63.37,70,98,17.6,PT,1603329666
82,linxia,-0.74,-90.35,68,94,97,1.99,EC,1603329851
83,sao felix do xingu,35.6,103.21,46.81,49,0,0.98,CN,1603329851
84,sorland,-6.64,-51.99,75.33,84,27,0.22,BR,1603329851
85,portland,67.67,12.69,38.26,73,81,12.68,NO,1603329851
86,shellbrook,45.52,-122.68,54,61,15,1.01,US,1603329455
87,sitka,53.22,-106.4,26.6,53,75,6.93,CA,1603329851
88,geraldton,57.05,-135.33,37.4,44,1,8.05,US,1603329851
89,thinadhoo,-28.77,114.6,68,60,0,5.82,AU,1603329852
90,krutikha,0.53,72.93,82.74,76,71,15.03,MV,1603329797
91,kasempa,53.96,81.21,45.23,55,100,13.69,RU,1603329852
92,ahipara,-13.46,25.83,69.31,42,6,5.26,ZM,1603329852
93,mecca,-35.17,173.17,61.9,86,100,5.7,NZ,1603329852
94,matay,21.43,39.83,73.33,23,0,1.74,SA,1603329821
95,acajutla,28.42,30.78,70.68,69,0,6.96,EG,1603329852
96,mbaiki,13.59,-89.83,73,100,95,1.5,SV,1603329852
97,tasiilaq,3.87,17.99,68.34,98,99,1.61,CF,1603329853
98,saint-pierre,65.61,-37.64,30.2,80,100,4.7,GL,1603329853
99,kolda,-21.34,55.48,69.01,68,76,8.05,RE,1603329598
100,kavieng,12.88,-14.95,82.4,88,47,3.11,SN,1603329853
101,dikson,-2.57,150.8,84.52,69,14,8.28,PG,1603329787
102,shubarkuduk,73.51,80.55,23.5,96,97,11.12,RU,1603329685
103,taltal,49.14,56.49,34.39,84,100,10.22,KZ,1603329853
104,saldanha,-25.4,-70.48,57.96,76,8,3.83,CL,1603329586
105,ponta do sol,-33.01,17.94,51.8,81,0,5.82,ZA,1603329853
106,zhezkazgan,32.67,-17.1,62.6,67,75,6.93,PT,1603329853
107,alice springs,47.8,67.71,38.95,65,0,11.14,KZ,1603329754
108,palm coast,-23.7,133.88,93.2,26,0,19.46,AU,1603329833
109,adrar,29.59,-81.21,78.01,94,75,10.13,US,1603329854
110,attawapiskat,20.5,-10.07,84.22,18,0,4.72,MR,1603329854
111,yellowknife,,,,,,,,
112,flin flon,62.46,-114.35,24.8,79,75,16.11,CA,1603329854
113,praia da vitoria,54.77,-101.86,24.98,89,100,3.53,CA,1603329854
114,gainesville,38.73,-27.07,62.6,63,75,17.29,PT,1603329854
115,guerrero negro,29.65,-82.32,73.99,100,90,8.05,US,1603329837
116,lodwar,27.98,-114.06,69.1,82,0,12.37,MX,1603329600
117,pevek,3.12,35.6,85.05,43,3,18.48,KE,1603329854
118,luderitz,69.7,170.31,29.8,97,16,3.89,RU,1603329687
119,pangnirtung,-26.65,15.16,58.08,88,25,22.1,NA,1603329855
120,qaanaaq,66.15,-65.71,28.4,86,90,5.82,CA,1603329855
121,svetlogorsk,77.48,-69.36,20.05,84,100,7,GL,1603329855
122,uniao da victoria,52.63,29.73,45.91,88,100,5.32,BY,1603329855
123,tuktoyaktuk,,,,,,,,
124,pasighat,69.45,-133.04,17.6,78,40,11.41,CA,1603329855
125,tautira,28.07,95.33,72.57,72,0,3.38,IN,1603329855
126,jinxiang,-17.73,-149.15,80.6,69,75,9.17,PF,1603329855
127,upata,27.43,120.61,65.37,81,100,12.5,CN,1603329856
128,mentok,8.01,-62.4,82,82,55,5.99,VE,1603329808
129,mahebourg,,,,,,,,
130,ambodifototra,-20.41,57.7,73.4,78,40,10.29,MU,1603329856
131,mys shmidta,,,,,,,,
132,sioux lookout,,,,,,,,
133,alofi,50.1,-91.92,32,99,90,3.36,CA,1603329856
134,kahului,-19.06,-169.92,78.8,83,75,20.8,NU,1603329856
135,puri,20.89,-156.47,91.4,29,20,8.05,US,1603329744
136,mayo,19.8,85.85,77,100,75,8.05,IN,1603329857
137,tessalit,38.89,-76.51,68,94,1,4.7,US,1603329771
138,kazalinsk,20.2,1.01,81.52,16,0,7,ML,1603329857
139,wadersloh,,,,,,,,
140,canutama,51.73,8.25,63,69,22,5.99,DE,1603329857
141,haines junction,-6.53,-64.38,77.43,82,73,1.23,BR,1603329857
142,mattru,60.75,-137.51,24.67,78,20,2.17,CA,1603329857
143,zhigansk,7.62,-11.83,73.78,96,94,1.48,SL,1603329857
144,longyearbyen,66.77,123.37,15.98,96,92,1.05,RU,1603329857
145,bonthe,78.22,15.64,21.2,73,75,8.05,SJ,1603329857
146,kinsale,7.53,-12.51,77.77,86,100,3.94,SL,1603329858
147,margate,51.71,-8.53,41,93,20,6.93,IE,1603329858
148,east london,51.38,1.39,55.99,80,0,4,GB,1603329724
149,boueni,-33.02,27.91,63.18,81,0,12.1,ZA,1603329658
150,nome,-12.9,45.08,78.8,83,75,11.41,YT,1603329858
151,owando,64.5,-165.41,39.2,86,90,6.93,US,1603329858
152,college,-0.48,15.9,71.56,95,100,1.77,CG,1603329858
153,mulchen,64.86,-147.8,26.6,79,90,4.7,US,1603329757
154,bowen,-37.72,-72.23,51.91,74,0,3.65,CL,1603329858
155,bethel,-20.02,148.23,82.4,58,90,8.05,AU,1603329859
156,koumac,41.37,-73.41,64.99,93,90,4.7,US,1603329859
157,road town,-20.57,164.28,79.41,62,59,4.5,NC,1603329859
158,chuy,18.42,-64.62,82.99,83,0,8.48,VG,1603329836
159,lebu,-33.7,-53.46,58.51,74,100,15.14,UY,1603329676
160,plunge,-37.62,-73.65,47.64,80,0,15.61,CL,1603329859
161,hosakote,55.91,21.84,51.8,93,85,13.87,LT,1603329859
162,shiyan,14.28,77.17,70.9,92,100,5.32,IN,1603329859
163,saint-philippe,32.65,110.78,62.74,59,0,5.32,CN,1603329859
164,tahe,-21.36,55.77,69.01,68,88,8.05,RE,1603329656
165,labrea,52.33,124.73,26.02,86,0,14.63,CN,1603329860
166,bokspits,-7.26,-64.8,74.48,92,57,1.57,BR,1603329860
167,torbay,,,,,,,,
168,sechura,47.67,-52.73,46.99,93,90,10.29,CA,1603329852
169,upernavik,-5.56,-80.82,66.9,76,20,13.87,PE,1603329860
170,lasa,72.79,-56.15,23.99,95,62,4.34,GL,1603329860
171,canmore,46.62,10.7,51.01,100,5,3.15,IT,1603329860
172,tirat karmel,51.08,-115.35,19.99,78,90,12.75,CA,1603329860
173,mudyuga,32.76,34.97,71.76,85,7,8.08,IL,1603329860
174,derzhavinsk,,,,,,,,
175,walla walla,51.1,66.32,38.07,73,75,11.79,KZ,1603329861
176,bilma,46.06,-118.34,50,57,90,3.36,US,1603329861
177,bathsheba,18.69,12.92,80.92,15,0,12.93,NE,1603329861
178,avarua,13.22,-59.52,82.4,78,40,12.75,BB,1603329861
179,karaton,-21.21,-159.78,77,83,100,8.05,CK,1603329861
180,tazmalt,-6.34,106.1,84.99,70,20,9.17,ID,1603329861
181,kaifeng,36.39,4.4,69.8,32,100,6.93,DZ,1603329861
182,paamiut,34.79,114.35,59,44,0,6.71,CN,1603329861
183,makakilo city,61.99,-49.67,33.37,84,0,24.76,GL,1603329862
184,victoria,21.35,-158.09,84.2,70,1,10.29,US,1603329862
185,remontnoye,22.29,114.16,75,66,41,1.01,HK,1603329674
186,plettenberg bay,46.56,43.65,42.8,70,100,6.71,RU,1603329862
187,adre,-34.05,23.37,60.94,61,0,1.14,ZA,1603329602
188,severo-kurilsk,13.47,22.2,73.72,20,98,7.52,TD,1603329862
189,iskateley,50.68,156.12,43.36,68,99,16.08,RU,1603329653
190,cherskiy,67.68,53.15,24.01,95,0,7.11,RU,1603329862
191,ust-karsk,68.75,161.3,22.05,94,0,8.88,RU,1603329644
192,tidore,52.7,118.81,30.13,77,0,2.35,RU,1603329862
193,turinsk,,,,,,,,
194,beringovskiy,58.05,63.7,28.47,98,99,5.53,RU,1603329863
195,balaytigui,63.05,179.32,41.23,77,86,7,RU,1603329863
196,leh,,,,,,,,
197,yanliang,34.17,77.58,32.88,70,12,3.2,IN,1603329863
198,bolsheustikinskoye,34.66,109.23,55.4,62,0,2.24,CN,1603329863
199,leningradskiy,,,,,,,,
200,utiroa,69.38,178.42,36.16,81,99,6.58,RU,1603329863
201,bairiki,,,,,,,,
202,zonguldak,1.33,172.98,84.2,70,20,10.29,KI,1603329864
203,ushibuka,41.25,31.83,53.8,73,0,3.4,TR,1603329864
204,umm lajj,32.19,130.02,70.36,90,100,5.37,JP,1603329864
205,atar,25.02,37.27,84.54,21,0,12.66,SA,1603329592
206,havre,20.52,-13.05,84.9,28,0,2.51,MR,1603329864
207,lokomotivnyy,49.58,0.33,55.4,87,0,10.29,FR,1603329864
208,saskylakh,53.01,60.57,30.99,89,85,13.8,RU,1603329864
209,qasigiannguit,71.92,114.08,6.04,93,10,6.91,RU,1603329719
210,fortuna,68.82,-51.19,28.4,74,96,4.7,GL,1603329864
211,brewster,40.6,-124.16,57,71,1,16.11,US,1603329784
212,armizonskoye,41.4,-73.62,64.99,93,90,4.7,US,1603329865
213,berlevag,55.95,67.67,29.39,96,0,6.89,RU,1603329865
214,ketchikan,70.86,29.09,30.56,94,22,8.52,NO,1603329865
215,tamiahua,55.34,-131.65,44.6,80,20,9.17,US,1603329742
216,ati,21.27,-97.45,76.78,84,0,4.18,MX,1603329865
217,cidreira,13.22,18.34,82.6,15,0,5.12,TD,1603329865
218,formoso do araguaia,-30.18,-50.21,65.91,89,100,17.98,BR,1603329696
219,vanavara,,,,,,,,
220,nanortalik,60.34,102.28,34.54,93,100,8.12,RU,1603329865
221,sorvag,60.14,-45.24,33.93,84,99,28.59,GL,1603329866
222,tsihombe,,,,,,,,
223,tacuarembo,,,,,,,,
224,susehri,-31.73,-55.98,60.42,83,89,15.01,UY,1603329709
225,axim,40.16,38.09,53.31,59,0,1.54,TR,1603329866
226,grand river south east,4.87,-2.24,77.14,91,48,7.4,GH,1603329866
227,nadym,,,,,,,,
228,baglung,65.53,72.52,20.21,98,98,8.21,RU,1603329866
229,camocim,28.27,83.59,59.36,46,0,5.82,NP,1603329866
230,capitao poco,-2.9,-40.84,78.84,83,7,12.77,BR,1603329867
231,shizunai,-1.75,-47.06,75.42,83,39,6.02,BR,1603329867
232,kondagaon,42.33,142.37,60.62,79,98,18.23,JP,1603329867
233,bhatkal,19.6,81.67,65.73,90,35,4.65,IN,1603329867
234,ust-tsilma,13.97,74.57,77.02,84,100,4.07,IN,1603329867
235,yar-sale,65.44,52.15,21.31,97,16,5.17,RU,1603329867
236,aklavik,66.83,70.83,19.42,97,86,12.71,RU,1603329867
237,olafsvik,68.22,-135.01,17.6,78,20,4.7,CA,1603329867
238,shimoda,64.89,-23.71,40.73,77,100,26.73,IS,1603329867
239,inuvik,34.67,138.95,66.2,72,75,13.87,JP,1603329868
240,mangai,68.35,-133.72,17.6,78,20,4.7,CA,1603329868
241,krasnyy yar,-4.05,19.53,69.6,99,76,1.5,CD,1603329868
242,viedma,46.53,48.35,41,65,100,2.24,RU,1603329868
243,pisco,-40.81,-63,55,67,94,5.01,AR,1603329868
244,hamilton,-13.7,-76.22,63,82,0,16.11,PE,1603329683
245,tottori,39.18,-84.53,64,93,20,3.36,US,1603329665
246,barentsburg,35.5,134.23,62.6,88,90,9.17,JP,1603329868
247,zalantun,,,,,,,,
248,port elizabeth,48,122.72,33.53,70,0,18.86,CN,1603329868
249,saleaula,-33.92,25.57,55.4,93,0,3.36,ZA,1603329690
250,vaitupu,,,,,,,,
251,san cristobal,,,,,,,,
252,samusu,7.77,-72.22,66.96,89,73,2.73,VE,1603329869
253,narsaq,,,,,,,,
254,naze,60.92,-46.05,30.2,80,98,2.24,GL,1603329869
255,esperance,28.37,129.48,80.6,88,75,11.41,JP,1603329869
256,toyooka,-33.87,121.9,60.8,93,75,13.87,AU,1603329869
257,oga,35.53,134.83,59,93,75,10.29,JP,1603329869
258,kashi,46.46,10.35,43,100,0,3.36,IT,1603329869
259,kieta,39.45,75.98,42.8,38,0,2.24,CN,1603329870
260,erzincan,-6.22,155.63,84.49,73,1,7.94,PG,1603329870
261,carballo,39.75,39.5,41,100,0,0.89,TR,1603329870
262,lewistown,43.21,-8.69,55.99,87,50,9.17,ES,1603329870
263,yeppoon,40.6,-77.57,66.2,88,40,0.83,US,1603329575
264,dalbandin,-23.13,150.73,77,65,20,6.93,AU,1603329870
265,balykshi,28.89,64.41,51.1,36,0,4.56,PK,1603329870
266,kiama,47.07,51.87,35.6,64,100,6.71,KZ,1603329870
267,puerto colombia,-34.68,150.87,73.99,73,56,7,AU,1603329870
268,mehamn,10.99,-74.95,82.4,83,20,6.93,CO,1603329871
269,scarborough,71.04,27.85,29.7,93,0,6.93,NO,1603329663
270,nishihara,54.28,-0.4,52,89,97,3,GB,1603329871
271,gigmoto,26.18,127.76,77,100,90,9.17,JP,1603329871
272,channel-port aux basques,13.78,124.39,85.35,71,68,11.27,PH,1603329871
273,muli,47.57,-59.14,48.04,79,100,13.35,CA,1603329871
274,mount gambier,2.92,73.57,82.15,78,19,14.41,MV,1603329871
275,lazaro cardenas,-37.83,140.77,60.8,63,40,10.29,AU,1603329655
276,kindu,17.96,-102.2,81.27,86,23,5.39,MX,1603329871
277,krasnoselkup,-2.95,25.95,69.69,93,10,1.72,CD,1603329871
278,nikel,65.7,82.47,19.31,98,89,6.04,RU,1603329872
279,wamba,69.41,30.22,21.2,100,90,5.82,RU,1603329872
280,nantucket,8.93,8.6,72.43,74,59,2.48,NG,1603329872
281,inirida,41.28,-70.1,62.01,92,1,6.93,US,1603329588
282,asau,3.87,-67.92,76.33,93,97,2.73,CO,1603329872
283,sao gabriel da cachoeira,46.43,26.4,46.4,81,100,4.7,RO,1603329872
284,charters towers,-0.13,-67.09,76.12,88,11,1.32,BR,1603329872
285,dalvik,-20.1,146.27,88.38,38,0,11.83,AU,1603329872
286,cartagena,65.97,-18.53,28.4,86,89,2.24,IS,1603329872
287,herzberg,10.4,-75.51,82.4,83,40,6.93,CO,1603329873
288,iqaluit,51.69,13.22,62.6,55,20,12.75,DE,1603329873
289,yulara,63.75,-68.51,32,93,90,8.05,CA,1603329873
290,the valley,-25.24,130.99,96.8,11,0,25.28,AU,1603329873
291,kokkola,18.22,-63.06,82.4,83,20,2.24,AI,1603329873
292,lata,63.84,23.13,39.2,100,90,6.93,FI,1603329873
293,luanda,40.16,-8.33,57,91,2,1.01,PT,1603329873
294,bernalillo,-8.84,13.23,77,78,75,5.82,AO,1603329873
295,itoman,35.05,-106.67,71.6,9,40,4.7,US,1603329873
296,tura,26.12,127.67,75.2,100,75,6.93,JP,1603329724
297,urubicha,25.52,90.22,71.85,94,6,3.36,IN,1603329874
298,nizhneyansk,-15.38,-62.95,70.2,91,80,2.15,BO,1603329874
299,borogontsy,,,,,,,,
300,russell,62.67,131.17,16.45,96,100,2.17,RU,1603329874
301,kodino,32.35,-85.2,73.4,88,1,5.06,US,1603329874
302,bam,63.72,39.64,25.09,98,24,3.56,RU,1603329874
303,marzuq,29.11,58.36,58.84,27,0,7.9,IR,1603329874
304,hami,14.4,46.47,66.69,27,14,2.68,YE,1603329874
305,hobyo,42.8,93.45,51.67,39,0,6.82,CN,1603329874
306,bartica,5.35,48.53,79.43,84,0,18.75,SO,1603329875
307,parrita,6.4,-58.62,78.8,83,3,6.93,GY,1603329875
308,vila velha,9.52,-84.32,68,100,75,3.36,CR,1603329875
309,kathu,-20.33,-40.29,75.2,88,90,2.24,BR,1603329658
310,pacific grove,7.92,98.33,87.01,94,90,11.41,TH,1603329875
311,san vicente,36.62,-121.92,64.4,72,1,3.36,US,1603329840
312,chalus,-26.62,-54.13,68.9,81,14,2.51,AR,1603329875
313,camacha,36.66,51.42,62.6,88,75,1.32,IR,1603329875
314,hohhot,33.08,-16.33,64.4,63,20,13.87,PT,1603329875
315,labuhan,40.81,111.65,35.6,34,0,11.18,CN,1603329875
316,demidov,-6.88,112.21,83.55,69,100,5.77,ID,1603329876
317,grindavik,55.27,31.52,40.75,96,100,5.53,RU,1603329876
318,champerico,63.84,-22.43,41,86,90,24.16,IS,1603329876
319,mocuba,14.3,-91.92,75.2,94,90,6.93,GT,1603329876
320,volpiano,-16.84,36.99,69.53,97,4,2.55,MZ,1603329876
321,chancay,45.2,7.78,55.99,93,75,2.24,IT,1603329876
322,lompoc,-11.57,-77.27,62.6,82,48,14.99,PE,1603329876
323,port-gentil,34.64,-120.46,60.8,82,90,5.82,US,1603329693
324,udachnyy,-0.72,8.78,78.28,86,97,12.06,GA,1603329876
325,nenjiang,66.42,112.4,-2.2,84,75,2.24,RU,1603329877
326,akureyri,49.18,125.22,32.11,78,0,13.62,CN,1603329877
327,norfolk,65.68,-18.09,28.4,86,62,2.24,IS,1603329877
328,toliary,42.17,-71.25,68,88,75,5.82,US,1603329877
329,fort nelson,,,,,,,,
330,boende,58.81,-122.7,23,57,75,4.7,CA,1603329877
331,curillo,-0.22,20.87,71.19,97,96,2.01,CD,1603329877
332,tumannyy,1.03,-75.92,72.63,96,100,3.44,CO,1603329877
333,kamaishi,,,,,,,,
334,turayf,39.27,141.88,62.6,72,75,4.7,JP,1603329878
335,kiruna,31.67,38.66,59,41,0,6.93,SA,1603329878
336,homer,67.86,20.23,19.4,100,90,4.7,SE,1603329673
337,oxapampa,59.64,-151.55,44.01,52,1,10.29,US,1603329878
338,dondukovskaya,-10.58,-75.4,58.26,89,79,3.38,PE,1603329579
339,gaya,44.88,40.36,48.6,63,100,1.66,RU,1603329878
340,victor harbor,24.78,85,75.2,88,40,0.49,IN,1603329878
341,katherine,-35.57,138.62,60.01,83,100,9.62,AU,1603329878
342,airai,-14.47,132.27,91.4,49,100,11.41,AU,1603329878
343,faya,-8.93,125.41,78.62,43,0,1.1,TL,1603329878
344,port macquarie,18.39,42.45,59,19,56,3.36,SA,1603329879
345,saint marys,-31.43,152.92,73.4,56,63,8.05,AU,1603329767
346,vestmanna,30.73,-81.55,75.2,94,90,13.87,US,1603329858
347,havre-saint-pierre,62.16,-7.17,33.8,76,31,2.24,FO,1603329820
348,nara,50.23,-63.6,35.6,100,90,11.41,CA,1603329720
349,sayyan,34.69,135.8,71.01,64,75,6.93,JP,1603329653
350,coquimbo,15.17,44.32,52.36,43,0,3.94,YE,1603329879
351,buala,-29.95,-71.34,53.6,87,0,6.93,CL,1603329879
352,kruisfontein,-8.14,159.59,81.75,76,100,10.13,SB,1603329879
353,marfino,-34,24.73,55.22,67,0,5.84,ZA,1603329879
354,san quintin,55.7,37.38,36,93,90,2.24,RU,1603329880
355,maniitsoq,30.48,-115.95,67.68,78,25,9.71,MX,1603329689
356,souillac,65.42,-52.9,28.36,94,100,7.11,GL,1603329880
357,komsomolskiy,-20.52,57.52,73.4,78,40,10.29,MU,1603329880
358,faanui,40.43,71.72,50,43,67,6.93,UZ,1603329880
359,veraval,-16.48,-151.75,79.11,76,5,11.27,PF,1603329880
360,great yarmouth,20.9,70.37,80.96,79,1,11.7,IN,1603329880
361,bubaque,52.61,1.73,54,97,12,8.99,GB,1603329880
362,laguna,11.28,-15.83,81.84,84,100,10,GW,1603329880
363,salalah,38.42,-121.42,82.99,28,1,2.91,US,1603329657
364,kamenka,17.02,54.09,77,78,40,3.36,OM,1603329881
365,glendive,51.32,42.77,35.01,94,100,3.44,RU,1603329881
366,san juan,47.11,-104.71,35.01,100,90,11.41,US,1603329881
367,montepuez,-31.54,-68.54,67.96,53,0,25.32,AR,1603329881
368,macapa,-13.13,39,69.15,85,41,2.8,MZ,1603329881
369,avera,0.04,-51.07,82.4,83,20,8.05,BR,1603329881
370,omsukchan,33.19,-82.53,71.6,83,1,3.36,US,1603329881
371,skeldon,62.53,155.8,19.08,92,0,6.69,RU,1603329881
372,siparia,5.88,-57.13,79.63,83,0,7.83,GY,1603329882
373,chapais,10.13,-61.5,79,88,63,10.85,TT,1603329882
374,iguape,49.78,-74.85,32,98,90,6.93,CA,1603329882
375,bolshaya orlovka,-24.71,-47.56,71.4,92,5,7.92,BR,1603329882
376,mar del plata,,,,,,,,
377,cuyamel,-38,-57.56,54,71,0,17.22,AR,1603329882
378,waddan,15.67,-88.2,84.2,74,20,4.7,HN,1603329882
379,tuggurt,29.16,16.14,60.93,67,0,10.6,LY,1603329882
380,ambon,,,,,,,,
381,ternate,-3.7,128.18,87.8,66,40,1.12,ID,1603329763
382,shahr-e kord,0.8,127.4,83.16,74,100,5.79,ID,1603329883
383,hofn,32.33,50.86,32,73,0,2.24,IR,1603329883
384,lolua,64.25,-15.21,35.69,82,3,8.12,IS,1603329883
385,dhidhdhoo,,,,,,,,
386,balimo,6.88,73.1,81.54,79,100,12.5,MV,1603329883
387,miraflores,,,,,,,,
388,jomalig,19.22,-98.81,71.6,33,75,12.75,MX,1603329883
389,vicuna,,,,,,,,
390,holetown,-30.03,-70.71,53.6,87,0,6.93,CL,1603329883
391,lavrentiya,13.19,-59.64,82.4,78,40,12.75,BB,1603329884
392,yangambi,65.58,-171,37.69,87,0,4.79,RU,1603329884
393,bac lieu,0.81,24.43,69.28,99,100,1.95,CD,1603329884
394,morris,9.29,105.72,79.72,86,100,3.91,VN,1603329884
395,artyk,40.83,-74.53,63,100,10,2.44,US,1603329884
396,macas,,,,,,,,
397,ugoofaaru,-2.32,-78.12,67.3,82,100,0.85,EC,1603329609
398,nikolskoye,5.67,73,81.73,77,83,11.18,MV,1603329668
399,gunib,59.7,30.79,39.2,93,90,6.71,RU,1603329884
400,saint anthony,42.39,46.97,46.31,55,57,4.05,RU,1603329884
401,berezovyy,45.02,-93.22,35.01,74,90,2.21,US,1603329885
402,zaozerne,51.67,135.7,43.18,87,99,2.59,RU,1603329885
403,santa rosa,45.16,33.28,59.09,68,28,8.12,UA,1603329885
404,dunmore east,14.31,121.11,86,74,40,8.05,PH,1603329885
405,egvekinot,52.15,-6.99,46,85,0,7,IE,1603329885
406,gat,66.32,-179.17,32.58,99,100,4.79,RU,1603329885
407,ravar,31.61,34.76,71.01,77,0,3.36,IL,1603329885
408,skagastrond,31.27,56.81,48.69,47,0,3.02,IR,1603329885
409,media luna,,,,,,,,
410,newberry,20.14,-77.44,79.34,78,100,5.95,CU,1603329886
411,mitsamiouli,34.27,-81.62,69.8,83,75,3.36,US,1603329886
412,hangu,-11.38,43.28,80.46,70,77,6.44,KM,1603329886
413,iztapa,39.25,117.79,53.6,27,0,13.42,CN,1603329886
414,coalinga,13.93,-90.71,82.4,83,40,5.1,GT,1603329886
415,kefamenanu,36.14,-120.36,81,36,0,2.73,US,1603329788
416,tiruvottiyur,-9.45,124.48,89.89,36,0,2.84,ID,1603329886
417,wanning,,,,,,,,
418,paragominas,18.8,110.4,72.86,75,100,16.24,CN,1603329886
419,sola,-2.97,-47.48,79.7,63,0,6.08,BR,1603329887
420,nabire,-13.88,167.55,86,62,75,5.82,VU,1603329887
421,shchelyayur,-3.37,135.48,83.68,70,100,2.39,ID,1603329887
422,tignere,,,,,,,,
423,henties bay,7.37,12.65,65.05,80,54,1.86,CM,1603329887
424,jardim,-22.12,14.28,60.01,88,4,9.22,NA,1603329669
425,tarudant,-21.48,-56.14,78.66,66,92,4.27,BR,1603329887
426,palatka,,,,,,,,
427,fairbanks,29.65,-81.64,75.99,1,40,11.01,US,1603329887
428,ilinskiy,64.84,-147.72,26.6,79,90,6.93,US,1603329888
429,kidal,55.62,38.12,36,100,90,4.47,RU,1603329888
430,katsiveli,18.44,1.41,86.45,13,0,9.64,ML,1603329888
431,oksfjord,,,,,,,,
432,manali,70.24,22.35,26.6,79,2,17.22,NO,1603329849
433,maningrida,13.17,80.27,80.6,94,75,5.82,IN,1603329626
434,blagoyevo,-12.07,134.27,91.06,44,15,5.61,AU,1603329888
435,balad,63.37,47.92,26.31,97,82,5.55,RU,1603329888
436,sinnamary,34.02,44.15,72.54,26,0,9.64,IQ,1603329888
437,batagay-alyta,5.38,-52.95,79.79,83,0,9.62,GF,1603329888
438,san policarpo,67.8,130.41,11.88,92,100,2.1,RU,1603329889
439,kegayli,12.18,125.51,84.13,74,100,7.11,PH,1603329889
440,mabaruma,,,,,,,,
441,quatre cocos,8.2,-59.78,77.14,91,96,3.89,GY,1603329889
442,yizheng,-20.21,57.76,73.4,78,40,10.29,MU,1603329889
443,buta,24.67,103.43,50.18,73,36,4.5,CN,1603329889
444,mapastepec,2.79,24.73,70.34,98,100,1.72,CD,1603329889
445,mariental,15.43,-92.9,78.69,80,100,1.63,MX,1603329889
446,erzin,-24.63,17.97,76.03,18,60,19.51,NA,1603329889
447,broome,36.96,36.2,73.99,76,0,1.48,TR,1603329890
448,bhawanipatna,42.25,-75.83,64.4,88,90,4.7,US,1603329890
449,saint-augustin,19.9,83.17,69.67,83,70,0.83,IN,1603329890
450,buraydah,51.23,-58.65,38.34,77,100,7.65,CA,1603329890
451,camopi,26.33,43.98,62.6,39,0,4.7,SA,1603329890
452,lukovetskiy,3.17,-52.32,77.29,79,0,4.99,GF,1603329890
453,kano,64.3,41.92,24.8,100,90,2.93,RU,1603329890
454,agva,12,8.52,64.4,88,0,2.24,NG,1603329890
455,kautokeino,,,,,,,,
456,colomi,69.01,23.04,21.96,97,100,5.93,NO,1603329890
457,brigantine,-17.35,-65.87,64.4,48,20,4.27,BO,1603329891
458,gamba,39.41,-74.36,66.2,88,1,4.7,US,1603329891
459,vanimo,-2.65,10,75.06,93,100,5.03,GA,1603329602
460,spencer,-2.67,141.3,81.43,71,98,6.85,PG,1603329891
461,mezen,43.14,-95.14,35.6,80,75,11.41,US,1603329891
462,poronaysk,65.85,44.24,25.57,97,11,2.35,RU,1603329891
463,sanmenxia,49.22,143.12,55.33,70,100,16.22,RU,1603329891
464,sinazongwe,34.77,111.18,59.2,34,0,4.5,CN,1603329891
465,san patricio,-17.26,27.46,81.57,47,79,3.89,ZM,1603329891
466,tabukiniberu,28.02,-97.52,80.6,78,40,11.41,US,1603329891
467,tukrah,,,,,,,,
468,grand centre,32.53,20.58,65.61,61,4,3.94,LY,1603329892
469,saint george,,,,,,,,
470,marsh harbour,37.1,-113.58,78.8,10,1,4.12,US,1603329662
471,oussouye,26.54,-77.06,80.28,75,100,20.33,BS,1603329679
472,roebourne,12.48,-16.55,82.4,88,20,4.7,SN,1603329892
473,hervey bay,-20.78,117.13,84.52,25,1,5.03,AU,1603329892
474,rundu,-25.3,152.85,80.01,54,90,11.41,AU,1603329892
475,angoche,-17.93,19.77,70.84,21,0,7.94,NA,1603329892
476,meulaboh,-16.23,39.91,75.29,80,0,7.83,MZ,1603329892
477,oudtshoorn,4.14,96.13,78.84,80,100,4.41,ID,1603329893
478,husavik,-33.59,22.2,50,100,90,4.7,ZA,1603329893
479,vostok,66.04,-17.34,28.4,86,33,2.24,IS,1603329781
480,trussville,46.49,135.88,41.85,99,100,2.68,RU,1603329805
481,nacala,33.62,-86.61,73.4,73,1,4.7,US,1603329891
482,houston,-14.54,40.67,71.62,87,0,6.38,MZ,1603329893
483,dongdu,29.76,-95.36,79,78,1,10.29,US,1603329649
484,tecoanapa,35.85,117.7,56.08,33,0,3.49,CN,1603329893
485,marcona,16.52,-98.75,81.63,80,31,2.57,MX,1603329668
486,burgeo,,,,,,,,
487,saint-joseph,47.62,-57.62,48.81,75,100,9.37,CA,1603329894
488,umzimvubu,-21.37,55.62,69.01,68,81,8.05,RE,1603329894
489,beian,,,,,,,,
490,emba,63.66,9.57,34,75,40,3.36,NO,1603329894
491,caravelas,48.83,58.14,34.48,86,100,12.37,KZ,1603329894
492,mawlaik,-17.71,-39.25,74.66,85,100,5.35,BR,1603329894
493,bougouni,23.63,94.42,73.62,95,100,0.63,MM,1603329894
494,vila franca do campo,11.42,-7.48,76.91,52,41,3.18,ML,1603329894
495,pelym,37.72,-25.43,60.8,77,75,10.29,PT,1603329894
496,talnakh,61.01,62,28.92,98,100,4.18,RU,1603329895
497,marquette,69.49,88.4,10.4,85,40,13.42,RU,1603329895
498,nikki,46.53,-87.63,39,65,100,3,US,1603329895
499,la plata,9.94,3.21,74.82,58,0,2.64,BJ,1603329895
500,plainview,-34.92,-57.95,59,92,100,1.01,AR,1603329895
501,hojai,40.78,-73.47,66,100,90,5.82,US,1603329769
502,dunda,26,92.87,74.03,94,83,2.1,IN,1603329818
503,te anau,-8.12,34.25,68.31,62,100,2.26,TZ,1603329895
504,tommot,-45.42,167.72,55.11,63,100,5.28,NZ,1603329895
505,korla,58.96,126.29,16.97,93,100,0.81,RU,1603329895
506,vestmannaeyjar,41.76,86.15,44.04,53,0,0.63,CN,1603329896
507,klaksvik,63.44,-20.27,41.9,85,100,29.42,IS,1603329804
508,adelaide,62.23,-6.59,33.8,65,87,2.24,FO,1603329896
509,geilo,-34.93,138.6,70,56,64,1.12,AU,1603329878
510,bonavista,60.53,8.21,34,89,100,0.96,NO,1603329896
511,muroto,48.65,-53.11,43,87,62,5.99,CA,1603329703
512,lagos,33.28,134.15,64.4,100,75,11.41,JP,1603329896
513,concordia,6.58,3.75,78.8,94,20,3.36,NG,1603329609
514,rocha,-31.39,-58.02,69.01,66,2,11.99,AR,1603329654
515,bertestii de jos,-34.48,-54.33,55.67,75,100,10.67,UY,1603329669
516,bay roberts,44.83,27.75,49.86,67,27,8.72,RO,1603329897
517,kimbe,47.6,-53.26,48.99,90,100,10,CA,1603329897
518,ponta delgada,-5.55,150.14,87.49,62,30,4.79,PG,1603329897
519,bargal,37.73,-25.67,60.8,77,75,10.29,PT,1603329897
520,aitape,,,,,,,,
521,shikarpur,-3.14,142.35,81.34,78,98,5.01,PG,1603329897
522,baturite,27.96,68.64,62.6,77,0,1.59,PK,1603329771
523,mincivan,-4.33,-38.88,76.26,85,27,5.61,BR,1603329897
524,ural,39.03,46.72,56.25,78,82,0.81,AZ,1603329897
525,hvammstangi,55.91,94.75,36.66,81,100,4.36,RU,1603329898
526,neuquen,,,,,,,,
527,hue,-38.95,-68.06,59,47,0,14.99,AR,1603329898
528,chara,16.47,107.6,71.6,88,40,12.75,VN,1603329898
529,khanpur,56.91,118.26,15.48,87,82,1.66,RU,1603329898
530,letka,28.65,70.66,66.94,24,0,4.9,PK,1603329898
531,lisakovsk,59.6,49.42,28.42,96,88,7.85,RU,1603329898
532,guarapari,52.54,62.49,35.91,79,100,11.86,KZ,1603329898
533,urulga,-20.67,-40.5,75.2,94,90,2.24,BR,1603329898
534,carbonear,,,,,,,,
535,sokoni,47.73,-53.21,45,93,90,10.29,CA,1603329899
536,cayenne,-6.43,39.55,78.8,83,20,8.28,TZ,1603329899
537,clarksburg,4.93,-52.33,77,100,0,9.08,GF,1603329899
538,miyako,39.28,-80.34,64.4,68,1,1.39,US,1603329599
539,raudeberg,39.64,141.95,62.26,68,100,11.5,JP,1603329899
540,liusha,61.99,5.14,44.01,85,84,21.36,NO,1603329899
541,chandrakona,27.21,108.59,57.94,72,0,1.99,CN,1603329899
542,karratha,22.73,87.52,75.78,92,100,6.93,IN,1603329899
543,yacuiba,-20.74,116.85,83.05,27,0,6.87,AU,1603329600
544,tezu,-22.04,-63.68,73.06,61,0,1.3,BO,1603329899
545,santa maria,27.92,96.17,74.26,62,0,2.42,IN,1603329900
546,burnie,-29.68,-53.81,67.69,78,70,15.75,BR,1603329900
547,brae,-41.07,145.92,56.5,74,50,8.19,AU,1603329900
548,kamenskoye,60.4,-1.35,46.4,70,100,21.92,GB,1603329900
549,viligili,,,,,,,,
550,kwakoa,,,,,,,,
551,namatanai,-3.77,37.72,67.06,78,100,0.72,TZ,1603329900
552,verkhnyaya sysert,-3.67,152.43,85.26,66,4,7.54,PG,1603329900
553,soure,56.44,60.75,30.2,86,40,8.95,RU,1603329900
554,doha,-0.72,-48.52,81.03,78,2,12.86,BR,1603329901
555,gollere,25.29,51.53,78.8,69,0,6.93,QA,1603329757
556,port moresby,,,,,,,,
557,uvat,-9.44,147.18,84.2,74,40,6.93,PG,1603329618
558,jumla,59.14,68.9,30.06,98,100,6.87,RU,1603329901
559,valjevo,29.27,82.18,45.1,58,0,4.27,NP,1603329766
560,voh,44.28,19.9,46.4,70,65,4.7,RS,1603329901
561,sangueya,-20.97,164.7,82.74,55,77,3.27,NC,1603329901
562,kloulklubed,10.7,-14.37,75.72,95,94,0.87,GN,1603329902
563,la ronge,7.04,134.26,82.4,78,90,6.93,PW,1603329806
564,haibowan,55.1,-105.28,24.8,62,90,4.7,CA,1603329902
565,athabasca,,,,,,,,
566,vardo,54.72,-113.29,20.73,84,100,7.67,CA,1603329862
567,krasnaya gorbatka,70.37,31.11,33.42,89,52,7.99,NO,1603329902
568,djenne,55.87,41.76,33.1,96,100,3.22,RU,1603329902
569,olga,13.91,-4.55,84.25,20,0,6.04,ML,1603329902
570,honiara,43.74,135.29,59.11,79,44,2.28,RU,1603329903
571,poum,-9.43,159.95,82.4,78,75,6.93,SB,1603329903
572,myingyan,-20.23,164.02,77.22,76,0,11.7,NC,1603329903
573,samalaeulu,21.47,95.38,77,88,75,3.36,MM,1603329903
574,biak,,,,,,,,
575,anzio,-0.91,122.88,82.72,64,74,3.56,ID,1603329903
576,kirakira,41.49,12.62,59,87,5,3.36,IT,1603329903
577,birjand,-10.45,161.92,85.48,66,2,7.31,SB,1603329903
578,marmande,32.87,59.22,37.4,15,0,9.17,IR,1603329903
579,kavaratti,44.5,0.17,62.01,97,1,5.01,FR,1603329904
580,mazamet,10.57,72.64,81.09,77,100,15.7,IN,1603329904
581,bath,43.49,2.37,64.4,82,100,26.4,FR,1603329904
582,tiarei,51.38,-2.36,55,90,53,5.99,GB,1603329620
583,safaga,-17.53,-149.33,80.6,69,75,9.17,PF,1603329904
584,yerbogachen,26.73,33.94,77,57,0,4.7,EG,1603329904
585,naustdal,61.28,108.01,24.28,97,100,9.26,RU,1603329904
586,ancud,61.51,5.72,46.4,93,100,5.82,NO,1603329904
587,kabo,-41.87,-73.82,46.99,87,0,4.7,CL,1603329904
588,padang,7.7,18.63,72.55,84,97,2.46,CF,1603329905
589,rabo de peixe,-0.95,100.35,75.81,83,100,7.49,ID,1603329905
590,bullhead city,37.8,-25.58,60.8,77,75,10.29,PT,1603329905
591,sur,35.15,-114.57,91.4,11,1,4.7,US,1603329905
592,okhotsk,22.57,59.53,73.56,67,5,7.45,OM,1603329905
593,shache,59.38,143.3,35.4,90,100,30.06,RU,1603329905
594,maceio,38.42,77.24,40.39,57,0,3.6,CN,1603329905
595,palafrugell,-9.67,-35.74,75.2,88,40,3.36,BR,1603329802
596,boa vista,41.92,3.16,64.99,43,100,8.23,ES,1603329905
597,lake havasu city,2.82,-60.67,84.2,54,41,8.05,BR,1603329763
598,clyde river,34.48,-114.32,91.4,9,1,5.82,US,1603329696
599,praia,70.47,-68.59,15.8,78,1,5.82,CA,1603329906
600,mergui,14.92,-23.51,80.6,74,20,17.22,CV,1603329906
601,warrensburg,,,,,,,,
602,altamira,38.76,-93.74,53.6,100,90,4.7,US,1603329906
603,sakaiminato,-3.2,-52.21,81.55,62,77,3.58,BR,1603329906
604,bolitoc,35.55,133.23,62.6,100,90,4.7,JP,1603329906
605,bud,15.74,119.88,83.08,82,100,19.84,PH,1603329906
606,sampit,39.45,-86.18,59,87,90,4.7,US,1603329907
607,turukhansk,-2.53,112.95,85.86,71,97,2.19,ID,1603329907
608,howell,65.82,87.98,17.51,98,100,6.4,RU,1603329807
609,maldonado,42.61,-83.93,45,87,1,3.94,US,1603329622
610,oia,-34.67,-54.92,57.99,76,90,21.92,UY,1603329907
611,fontenay-le-comte,40.54,-8.54,62.01,91,62,1.01,PT,1603329907
612,mutsamudu,46.58,-1,59,100,0,5.82,FR,1603329907
